email,url
info@perry-roofing.com,https://perryroofingnwa.com/
garciaandson@gmail.com,https://www.garciaandsonroofing.com/
FindAPro@TodaysHomeowner.com.How,https://todayshomeowner.com/near-me/arkansas/bentonville/roofing/
info@perry-roofing.com,https://perryroofingnwa.com/
info@arcadiaroofinginc.com,https://www.arcadiaroofinginc.com/locations/roofer-in-bentonville-ar
994-6500joy@neighborhoodroofing.com,https://www.neighborhoodroofing.com/
info@appleroof.com,https://appleroof.com/bentonville-branch/
office@bossroofing.net,https://bossroofingsiding.com/
Roofingbaseysroofingjs@gmail.com,https://baseysroofing.com/bentonville-residential-roofing-company/
office@horchroofing.com,https://horchroofing.com/
info4me@mypinnacleroofing.com,https://mypinnacleroofing.com/
info@nwahealthsolutions.com,https://www.nwahealthsolutions.com/services/acupuncture/
drlee@acuspecialist.com,https://acuspecialist.com/
info@thecenternhs.com,https://www.thecenternhs.com/
info@medicalacupuncture.org,https://medicalacupuncture.org/find-an-acupuncturist/
hello@bentonvilleacupuncture.health,https://bentonvilleacupuncture.health/
info@scuhs.edu,"https://www.scuhs.edu/front-page-news/atp-acupuncture/#:~:text=The%20World%20Health%20Organization%20endorses,syndrome%2C%20fibromyalgia%20and%20rheumatoid%20arthritis"
EliteSpineNJ@gmail.com,https://elitespinenj.com/what-is-acupuncture/
info@pmbhealth.com,https://phillymindbodyacupuncture.com/
info@parkavedrs.com,https://parkavedrs.com/services/acupuncture/
3C7info@chiro-med.caTel,https://www.chiro-med.ca/blog/8-different-types-of-acupuncture-and-how-they-work
info@activelifefayetteville.com,https://www.acupuncturefayetteville.com/
office@integrativespecialist.com,https://www.integrativespecialist.com/acupuncture
appointments@acupuncturesyracuse.com,https://acupuncturesyracuse.com/
07306info@jerseypremierpain.com,https://jerseypremierpain.com/acupuncture-care/
ecoi@mskcc.org,https://www.mskcc.org/cancer-care/doctors/jun-mao
info@omspc.com,https://www.orientalmedicinespecialists.com/
